{
  "DataVersion": 0,
  "Entities": [
    {
    "id": "{f0c3d402-f688-4dd2-b0f1-6b4356931c52}",
    "type": "Box",
    "position": {
        "x": 0.25,
        "y": 0,
        "z": 0.10000000149011612
    },
    "dimensions": {
        "x": 0.15000000596046448,
        "y": 0.15000000596046448,
        "z": 0.10000000149011612
    },
    "rotation": {
        "x": -0.0000152587890625,
        "y": -0.0000152587890625,
        "z": -0.0000152587890625,
        "w": 1
    },
    "damping": 0,
    "angularDamping": 0,
    "name": "Slot Machine Reel 3",
    "shape": "Cube",
    "color": {
        "red": 0,
        "green": 0,
        "blue": 255
    },
    "parentID": "{247a33bb-2de7-4644-b995-cc3c4e2ea068}",
    "queryAACube": {
        "x": 21.132736206054688,
        "y": -11.117264747619629,
        "z": -10.017251968383789,
        "scale": 0.2345207929611206
    },
    "grab": {
        "equippableLeftRotation": {
            "x": -0.0000152587890625,
            "y": -0.0000152587890625,
            "z": -0.0000152587890625,
            "w": 1
        },
        "equippableRightRotation": {
            "x": -0.0000152587890625,
            "y": -0.0000152587890625,
            "z": -0.0000152587890625,
            "w": 1
        }
    },
    "clientOnly": false,
    "owningAvatarID": "{00000000-0000-0000-0000-000000000000}"
},
    {
    "id": "{4915b437-01ec-4a6e-b456-ec9c840835b9}",
    "type": "Box",
    "position": {
        "x": -0.25,
        "y": 0,
        "z": 0.10000000149011612
    },
    "dimensions": {
        "x": 0.15000000596046448,
        "y": 0.15000000596046448,
        "z": 0.10000000149011612
    },
    "rotation": {
        "x": -0.0000152587890625,
        "y": -0.0000152587890625,
        "z": -0.0000152587890625,
        "w": 1
    },
    "damping": 0,
    "angularDamping": 0,
    "name": "Slot Machine Reel 1",
    "shape": "Cube",
    "color": {
        "red": 255,
        "green": 0,
        "blue": 0
    },
    "parentID": "{247a33bb-2de7-4644-b995-cc3c4e2ea068}",
    "queryAACube": {
        "x": 20.632736206054688,
        "y": -11.117249488830566,
        "z": -10.017267227172852,
        "scale": 0.2345207929611206
    },
    "grab": {
        "equippableLeftRotation": {
            "x": -0.0000152587890625,
            "y": -0.0000152587890625,
            "z": -0.0000152587890625,
            "w": 1
        },
        "equippableRightRotation": {
            "x": -0.0000152587890625,
            "y": -0.0000152587890625,
            "z": -0.0000152587890625,
            "w": 1
        }
    },
    "clientOnly": false,
    "owningAvatarID": "{00000000-0000-0000-0000-000000000000}"
},
    {
    "id": "{e3044356-9309-41cd-a266-c9426557113e}",
    "type": "Box",
    "position": {
        "x": 0.4749999940395355,
        "y": -0.20000000298023224,
        "z": 0
    },
    "dimensions": {
        "x": 0.15000000596046448,
        "y": 0.10000000149011612,
        "z": 0.10000000149011612
    },
    "rotation": {
        "x": -0.0000152587890625,
        "y": -0.0000152587890625,
        "z": -0.0000152587890625,
        "w": 1
    },
    "damping": 0,
    "angularDamping": 0,
    "name": "Slot Machine Arm A",
    "shape": "Cube",
    "color": {
        "red": 0,
        "green": 0,
        "blue": 0
    },
    "parentID": "{247a33bb-2de7-4644-b995-cc3c4e2ea068}",
    "queryAACube": {
        "x": 21.340198516845703,
        "y": -11.303092002868652,
        "z": -10.259791374206543,
        "scale": 0.8262748718261719
    },
    "grab": {
        "grabbable": false,
        "equippableLeftRotation": {
            "x": -0.0000152587890625,
            "y": -0.0000152587890625,
            "z": -0.0000152587890625,
            "w": 1
        },
        "equippableRightRotation": {
            "x": -0.0000152587890625,
            "y": -0.0000152587890625,
            "z": -0.0000152587890625,
            "w": 1
        }
    },
    "clientOnly": false,
    "owningAvatarID": "{00000000-0000-0000-0000-000000000000}"
},
    {
    "id": "{787b493e-0c82-4c70-8563-a5b1530a9310}",
    "type": "Text",
    "position": {
        "x": 0,
        "y": -0.30000001192092896,
        "z": 0.10999999940395355
    },
    "dimensions": {
        "x": 0.6499999761581421,
        "y": 0.10000000149011612,
        "z": 0.009999999776482582
    },
    "rotation": {
        "x": -0.0000152587890625,
        "y": -0.0000152587890625,
        "z": -0.0000152587890625,
        "w": 1
    },
    "damping": 0,
    "angularDamping": 0,
    "collisionless": true,
    "ignoreForCollisions": true,
    "name": "Slot Machine Text",
    "text": "Click Red Ball to Play!",
    "lineHeight": 0.07000000029802322,
    "parentID": "{247a33bb-2de7-4644-b995-cc3c4e2ea068}",
    "queryAACube": {
        "x": 20.671125411987305,
        "y": -11.628857612609863,
        "z": -10.218852043151855,
        "scale": 0.6577233076095581
    },
    "grab": {
        "grabbable": false,
        "equippableLeftRotation": {
            "x": -0.0000152587890625,
            "y": -0.0000152587890625,
            "z": -0.0000152587890625,
            "w": 1
        },
        "equippableRightRotation": {
            "x": -0.0000152587890625,
            "y": -0.0000152587890625,
            "z": -0.0000152587890625,
            "w": 1
        }
    },
    "clientOnly": false,
    "owningAvatarID": "{00000000-0000-0000-0000-000000000000}"
},
    {
    "id": "{871ae4da-108c-4921-b2e0-09f8f0b7a8b0}",
    "type": "Box",
    "position": {
        "x": 0.125,
        "y": 0.20000000298023224,
        "z": 0
    },
    "dimensions": {
        "x": 0.10000000149011612,
        "y": 0.5,
        "z": 0.10000000149011612
    },
    "rotation": {
        "x": -0.0000152587890625,
        "y": -0.0000152587890625,
        "z": -0.0000152587890625,
        "w": 1
    },
    "damping": 0,
    "angularDamping": 0,
    "name": "Slot Machine Arm B",
    "shape": "Cube",
    "color": {
        "red": 0,
        "green": 0,
        "blue": 0
    },
    "parentID": "{e3044356-9309-41cd-a266-c9426557113e}",
    "queryAACube": {
        "x": 21.340198516845703,
        "y": -11.2598295211792,
        "z": -10.259791374206543,
        "scale": 0.7330121994018555
    },
    "grab": {
        "grabbable": false,
        "equippableLeftRotation": {
            "x": -0.0000152587890625,
            "y": -0.0000152587890625,
            "z": -0.0000152587890625,
            "w": 1
        },
        "equippableRightRotation": {
            "x": -0.0000152587890625,
            "y": -0.0000152587890625,
            "z": -0.0000152587890625,
            "w": 1
        }
    },
    "clientOnly": false,
    "owningAvatarID": "{00000000-0000-0000-0000-000000000000}"
},
    {
    "id": "{5d1aa70e-3ac4-4c72-8af0-371845c4db2a}",
    "type": "Sphere",
    "position": {
        "x": 0,
        "y": 0.30000001192092896,
        "z": 0
    },
    "dimensions": {
        "x": 0.20000000298023224,
        "y": 0.20000000298023224,
        "z": 0.20000000298023224
    },
    "rotation": {
        "x": -0.0000152587890625,
        "y": -0.0000152587890625,
        "z": -0.0000152587890625,
        "w": 1
    },
    "damping": 0,
    "angularDamping": 0,
    "name": "Slot Machine Start",
    "color": {
        "red": 255,
        "green": 0,
        "blue": 0
    },
    "parentID": "{871ae4da-108c-4921-b2e0-09f8f0b7a8b0}",
    "queryAACube": {
        "x": 21.426828384399414,
        "y": -10.8732271194458,
        "z": -10.173216819763184,
        "scale": 0.3464101552963257
    },
    "grab": {
        "grabbable": false,
        "equippableLeftRotation": {
            "x": -0.0000152587890625,
            "y": -0.0000152587890625,
            "z": -0.0000152587890625,
            "w": 1
        },
        "equippableRightRotation": {
            "x": -0.0000152587890625,
            "y": -0.0000152587890625,
            "z": -0.0000152587890625,
            "w": 1
        }
    },
    "clientOnly": false,